hidden_layer_sizes,activation,solver,max_iter,batch_size, score, mse, coefficient
(250, 200, 150, 20),relu,adam,1990,32,0.7789416606254561, 1625.4718747120753, 0.7789416606254561
(250, 200, 150, 20),relu,adam,1980,32,0.7642177210278311, 1717.2801390773873, 0.7642177210278311
(250, 200, 150, 20),relu,adam,1950,32,0.729807578851298, 1755.9820720113062, 0.729807578851298
(250, 200, 150, 20),relu,adam,2000,32,0.7454881878241966, 1783.6876609795468, 0.7454881878241966
(250, 200, 150, 20),relu,adam,2000,32,0.7988761759628186, 1535.979529173044, 0.7988761759628186
