temperature_2m,rain,day,month,year
8.8125,0.0,17,2,2024
6.945833333333333,2.5,18,2,2024
7.929166666666667,7.2,19,2,2024
7.970833333333334,0.5,20,2,2024
8.358333333333333,3.0,21,2,2024
9.445833333333333,4.5,22,2,2024
7.579166666666667,0.0,23,2,2024
5.845833333333334,0.0,24,2,2024
6.345833333333334,0.0,25,2,2024
6.504166666666666,0.0,26,2,2024
6.329166666666667,0.30000000000000004,27,2,2024
5.170833333333333,0.0,28,2,2024
