temperature_2m,rain,day,month,year
6.125,2.8,22,1,2024
5.7,1.2,23,1,2024
8.775,5.5,24,1,2024
7.0375000000000005,0.2,25,1,2024
4.854166666666667,4.7,26,1,2024
4.504166666666666,0.0,27,1,2024
1.9791666666666667,0.0,28,1,2024
3.6750000000000003,0.0,29,1,2024
4.608333333333333,0.0,30,1,2024
6.9125000000000005,0.30000000000000004,31,1,2024
6.4750000000000005,0.0,1,2,2024
8.9375,0.0,2,2,2024
